VIN,CarId,Color,FuelType,Aspiration
00X4X3RERJ7IE269Z,152,White,Diesel,turbo
0547FDS6M2O67MHA4,154,SlateGrey,Gas,std
062QBUP6NLDFELAEU,158,Silver,Gas,std
08KCTPLLPDTUCWRWS,111,Grey,Gas,std
0AHXFLV9JHV1C3FLF,221,Red,Gas,std
0EMM2KMRA875ZZRNG,36,Silver,Gas,std
0G002O2T5Y0AHC1N5,214,SlateGrey,Gas,turbo
0G2I42CFVO3FA93KD,170,Azure,Gas,turbo
0GXRK2BFBUAFHPKCA,68,Blue,Gas,std
0H88E8YY3EUELB457,75,Silver,Gas,std
0HPFDNDLRRD95V7TP,187,MetallicBlueViolet,Gas,std
0K157Y4R8DN1Y5Z9F,74,Azure,Gas,std
0NCAORXGCS7WQLOQ1,64,Black,Electric,std
0VRKRY4RQG2T8PBF7,53,DarkBlue,Gas,turbo
0W55INDLKFLOGO3MY,159,Black,Gas,std
0WNSOLYN5IIV8LBKT,69,DarkBlue,Gas,std
0WR03RBQOIEE54NP1,201,White,Gas,std
103OUVCEWCN711EHE,127,DarkBlue,Gas,turbo
10OMONAP7LMWTPHT9,233,MetallicBlueViolet,Diesel,std
141PHXSEFBVZ60Z6U,42,DarkBlue,Gas,std
14BZZQO5WQN3AWNQU,153,DarkBlue,Gas,std
165K804CU71Z1ERBS,178,Azure,Gas,turbo
16WM20E2CYWGB97H2,58,Green,Gas,std
197R89077A15FP7QB,228,MetallicBlueViolet,Diesel,std
1ATOBK70TS7K4HSV5,90,Orange,Gas,std
1BQ0I31MXA09E6ZIN,116,Crimson,Gas,std
1C3IF73PPKKW3ZOOM,103,Azure,Gas,std
1EXU6S978JMN2FSPR,27,DarkGrey,Gas,std
1FVYIKXVMOTS48FD3,91,Black,Gas,std
1G0C8U4I8W9LKNVHK,199,DarkRed,Gas,std
1GC0VJXOXP5LYVFZ5,219,Grey,Gas,std
1GR06UKABBYUPAAQ0,35,Yellow,Gas,std
1GTUL2NZJYHIW0QU6,102,Grey,Gas,std
1HFYPZLWNTBXYBCRD,171,SlateGrey,Gas,std
1IDOX778KN0B9JVQ8,227,Blue,Diesel,std
1IVYAAHKVZRPBD02D,142,DarkGrey,Gas,std
1K9GOVE10DNH5V6H8,119,Azure,Gas,turbo
1LY9QW7EQBB45DARA,14,White,Gas,std
1LZ66GZZZWS3BGP1Z,166,Crimson,Gas,turbo
1P1JKGSH1PMCUK9TK,50,Orange,Electric,std
1RQE8R5VAC6549288,134,DarkRed,Gas,std
1SJG95N3TFJLZL4CY,1,Crimson,Gas,std
1SZ0YBL52GH4DU6R4,168,Orange,Gas,std
1TL2W2OMKFZB9RY8A,100,DarkBlue,Gas,std
1UEFWVM1FAN8T6I0T,166,Crimson,Gas,std
1WEDGF0CYN07Q3SFR,217,Orange,Gas,std
1WWBF8QDRJ71D1MNH,91,Grey,Gas,std
1ZEURPPYS3LQ9B1OM,52,White,Gas,std
1ZSLOLC780WRE70K5,199,Green,Gas,std
201NL77U9NTET5BNV,79,Green,Gas,std
2047PY92NC67UP35E,181,Blue,Gas,std
21M1MAGR5A1TE429G,116,Grey,Gas,std
21TJHP7Z4LT1SZLOD,178,Blue,Gas,std
23YWOULD6D9CDDWJC,149,Silver,Gas,turbo
24VQU95A10FONY1M0,218,DarkGreen,Gas,std
25SQ98SZSV1PEINT9,31,MetallicBlueViolet,Gas,std
26PK7J56X3W3ZXMH4,193,DarkGrey,Gas,turbo
26QZQ18BSM7Y2S6CT,177,Red,Gas,std
26WJSGHX4MA5ROHNL,66,Orange,Gas,turbo
27132MOCI2XLY2WV7,129,Green,Gas,std
2776UM3B1X19S1RD3,132,MetallicBlueViolet,Gas,turbo
27NNVDN0MQWRUCNO4,57,DarkGreen,Gas,std
27SEXSHYVQ6VY54IT,130,Blue,Gas,std
27YUT4LTMYN3YRE4G,225,White,Gas,turbo
28OG5SW1NGQTHW91M,185,Grey,Gas,std
2C5IHES2EUQJDSHAH,82,SlateGrey,Gas,std
2CMJ5UEGMD5B9EQWE,84,Black,Gas,std
2EFQGC2E6Z3VLIL5J,55,Green,Gas,turbo
2G7EYW7BNN13BRKHD,214,Silver,Gas,std
2IFVLP4C80UP4TW4E,2,Azure,Gas,std
2JTJMX2SB7JWMHRT5,62,Black,Gas,std
2JXM1P3WJ0HZQBR6S,39,Yellow,Gas,std
2LHXAFK77PLSVB72E,33,Green,Gas,std
2NYGTEYPYXDZB74LD,33,Red,Gas,std
2POR20L908FD1YUHI,143,Crimson,Gas,turbo
2QN5ZACGDWLC2AUYW,139,Black,Gas,std
2QR2YNKJSSE7JW9BG,54,Blue,Gas,std
2RPK4JEA3FALAWRNJ,181,Crimson,Gas,std
2SWBNJ06KLKM6Z25U,191,DarkGreen,Gas,std
2TR4OIFFG1FHEC962,170,MetallicBlueViolet,Gas,std
2UTGGN8KD109VUP08,178,DarkRed,Gas,std
2V5LC49IWTQB37KT1,234,DarkBlue,Diesel,std
2VLJ0HTOXAZKD84E0,166,MetallicBlueViolet,Gas,std
2W53REI7D5B4RAOQI,91,Grey,Diesel,std
2YH3ZQG30MLZ78E02,41,SlateGrey,Gas,std
2YWYDXNLDHHR9XRME,24,Crimson,Gas,std
35IXWH1MAA4OIAD6L,115,DarkGrey,Gas,std
35XHGME5WVF2ZTU8D,165,DarkGrey,Gas,std
364S6EG4X3SVFJ2BP,154,Crimson,Gas,std
369POM9VPZ3VTAC14,56,Grey,Gas,std
39GI4HW1QA7DPSHVZ,143,DarkRed,Gas,std
3C1YNXSSPZQEWG7H8,208,DarkGrey,Gas,std
3C5X9UOQ78074WA13,40,Azure,Gas,std
3CVNX44336O6VXVH5,103,Grey,Gas,std
3DEMUUQ9SRFUJGWXI,6,Grey,Gas,std
3FZRIHE0VMBV7V12F,20,Orange,Gas,std
3HAOIE7ES2MHZW9TT,69,Silver,Gas,std
3IULQNR9142HNRXP0,138,Silver,Gas,turbo
3IWYPOTIIROOOW96Y,162,Crimson,Gas,turbo
3JOAP9YH2NS9BNBMQ,37,DarkGrey,Gas,std
3K8D206F02T5ES7GT,61,DarkBlue,Gas,std
3KT2V4UO4F5Y3T978,199,DarkGrey,Gas,turbo
3M2QKF85O1JDSVFJD,156,Orange,Gas,std
3MOPQ5ZT5C38AXQ2U,209,DarkGrey,Gas,std
3NH16M9PHUWN0J4WH,214,Crimson,Gas,std
3NPT1KE0J82E1TQZF,79,Red,Gas,std
3NZ8OSIFA84BW8PHW,141,Grey,Gas,std
3OB7VRGY1WEUOKZWT,9,White,Gas,std
3OQE2DL51SU3H6SOA,64,DarkGreen,Gas,std
3P5ZE10LAAN7EGLY5,192,DarkBlue,Gas,turbo
3PBED0J26IA5PGY7C,82,SlateGrey,Gas,std
3REPY93TZ6LBB10D6,133,Orange,Gas,std
3V7GGYOD5XBCZDC33,66,Crimson,Gas,std
3YCOL40F12L4LUCGZ,111,DarkGrey,Gas,std
42P4RNMT6NMSXFXQM,218,MetallicBlueViolet,Gas,std
444OSF4U94SZB3YX2,119,SlateGrey,Gas,std
44TOC9IZM43FJ9UST,94,DarkGrey,Gas,std
45I7T4W4UK2KK2ISU,94,Red,Gas,turbo
460ATLL1J6PT06CCJ,177,Orange,Gas,std
48YATLLHAKDR9CPSC,113,DarkBlue,Gas,std
48ZG0D16RBN971LUD,11,MetallicBlueViolet,Gas,turbo
4A8BIDB536U5N60MF,73,Grey,Gas,std
4AWP7VW2I1B29EMS9,140,Crimson,Gas,turbo
4BVGRVWL4X4XWISKS,5,Red,Gas,std
4EG3LB1DZ5GSPEJO3,106,DarkGreen,Diesel,turbo
4EXOY7UDX9D8QD959,28,Green,Gas,std
4F1ZXMNVFCSEJ2YC7,194,Green,Gas,std
4FYS6YC0K1RBI1EMB,113,Grey,Gas,std
4G9UJNN4I19GGCQQL,17,Red,Electric,std
4HD8ENA08SNVJYBY5,59,Green,Gas,std
4HYIIIKGD06F408T5,201,DarkGreen,Gas,std
4JGW9T7BS026NKHJD,11,Azure,Gas,std
4JJICH9W9ON8BJE9U,190,MetallicBlueViolet,Gas,std
4K11P2TCO0ZJ0B0H6,227,DarkBlue,Gas,std
4M6BT8JN5XIKDFQ2K,194,Yellow,Gas,turbo
4MGJT91I1X0KYCFAD,206,Silver,Gas,std
4MHN9K0ELUQSAHN1F,228,SlateGrey,Gas,std
4MWUU96KZ7SBU1QPI,74,White,Gas,std
4NWXWHUY4FUCII7JX,147,Silver,Gas,std
4PTEIUW9S8YLF21MJ,84,Crimson,Gas,std
4QHO9Z5P2ECSHUHSX,63,MetallicBlueViolet,Gas,std
4QYATR9NXWNSAUVQU,144,Silver,Gas,std
4SDLFOS4Y8G9D7CE5,29,Yellow,Gas,std
4SHUC4J3E2OBGCRTZ,47,Blue,Diesel,turbo
4SMDQVK8JKFCT5WYC,112,SlateGrey,Gas,std
4TLDBD413RMQ9K1UF,40,Silver,Gas,std
4UQ5Y7NUMUL5AFM8J,188,Blue,Gas,std
4VYFUKF309ODSIA48,29,Grey,Gas,std
4XGL5EQ4Y7274NO35,178,Silver,Gas,std
4Z6CZLHUW623QR8LX,196,Grey,Gas,std
4ZHXTWHH1K9BARWA3,129,Azure,Gas,turbo
4ZV9MBVJL7K1540ZL,38,Black,Gas,std
50SW9PB74OLSCNCEJ,202,DarkGrey,Gas,std
52DKNL3VUFO4JD1MX,213,Black,Gas,std
52UO3E8C8ZOZXE6OZ,190,Grey,Gas,std
55PV7H4S3UIJTO5J4,151,DarkGreen,Gas,std
568JL5QJXB2G9ZCTO,209,DarkBlue,Gas,std
58GFLAZ2Z0DSU1YMJ,55,Crimson,Gas,std
58ZOCI38QKP897IZT,32,Azure,Gas,std
59R9RL68LQPYH1BMO,154,DarkGreen,Gas,std
5C2ABE3KZT2I3YUMO,81,Green,Gas,std
5CLJMWNZJHNI36YWH,201,MetallicBlueViolet,Diesel,std
5DPKZJXT67H1MU7EJ,117,Blue,Diesel,std
5EDSMSNGMQ5C9YOM4,153,Red,Gas,std
5EO3GEF3XH5KEPDQ6,196,White,Gas,std
5F7DFW3KFN8NTVG1U,5,DarkRed,Gas,turbo
5GPMJRX5EMBE4J20B,218,SlateGrey,Gas,std
5H7BDXTKTIRIMVGIS,20,DarkBlue,Gas,std
5K3B72A46Q0LK2T1M,41,SlateGrey,Gas,std
5KG95246KEDUMTALR,80,Yellow,Gas,std
5KKKGPC13Q8K9ACCQ,65,Orange,Gas,std
5KKR2VB4WHQH97PF8,168,Azure,Diesel,std
5LK5NMJ0KR8I40R5W,125,Green,Gas,std
5NLI4XOX7KZ0JCTB1,156,DarkRed,Gas,turbo
5REU4ZOG1NX6AFLZU,18,Red,Gas,std
5S0H3GX3IVH9NJXGR,46,Grey,Gas,std
5T3AVLN8605RIOE3F,28,MetallicBlueViolet,Diesel,std
5WGK4LS31ZB9R06Z9,51,Blue,Gas,std
5XOK8VEFHSKT39AJS,165,SlateGrey,Gas,std
5Z9Q3IVNUVH9NXV03,135,Silver,Gas,turbo
60F6J6XRQMDX8YZGS,66,DarkBlue,Diesel,turbo
60KX2A6KCYWX2MR14,136,Black,Gas,std
60VWQA1A274G0SAVL,62,Orange,Electric,std
63REOYYUHOPS1D62C,19,Blue,Gas,std
655PKQM52T36RH7AW,204,Silver,Gas,std
65T7GEODQZR572NX1,136,Azure,Gas,std
67E710RBKX9C4LKLX,168,Grey,Gas,std
67GH1TRNJ2SKSGW3R,162,Green,Gas,turbo
69DP9QQWUPUCH8FZ2,191,DarkGrey,Gas,std
6BTD6NHP7DS1W7SJX,138,SlateGrey,Gas,std
6DEQYJ902A5G55P38,62,Orange,Gas,std
6DP2D5TG3HMPV3OFE,65,Blue,Gas,std
6ENV0GETQGSRTWHLM,110,Grey,Gas,std
6JCR64H00DR7234A1,11,DarkGreen,Gas,turbo
6KE9DCHAD5FUVEYFU,87,Azure,Gas,turbo
6LYFVMAYEY11IS1PD,146,Green,Gas,std
6P5QD0M1088NHJL4X,122,SlateGrey,Gas,std
6P7LSZT1HRPU4BXQ2,127,Azure,Gas,std
6P9LUH02Y8M86BMO3,21,SlateGrey,Gas,std
6QLISR018O06X8K44,80,DarkGrey,Electric,std
6SANPQVCBMW4IR7PP,72,SlateGrey,Gas,turbo
6TJNA3DZ87NBG1NMG,204,Yellow,Gas,std
6XSIH7E3KUKGPMRY7,162,Grey,Gas,std
6Z8RM80TY040GCYR7,193,Grey,Gas,std
70LKXM5BCGNUG45QI,31,DarkRed,Gas,std
72EDL2XA659AR4GCB,58,Azure,Gas,turbo
74A0CS308WERTNVLJ,163,Green,Gas,std
751Z6FN1BBZQ7BYF2,174,Grey,Gas,std
75TD7E3M0OU9MT545,225,DarkBlue,Gas,std
76VYTKZNK3CD1OY0Q,42,Orange,Gas,std
79X0ESBIH98GUM9FM,125,Orange,Gas,std
7A5P5CAVN7ECYUWB3,119,Azure,Gas,turbo
7B4IM9Z4NW9L27ZKA,83,Azure,Gas,std
7E3YXCXWKJA76AHMJ,234,Silver,Gas,turbo
7EOWLFKB8LVENO5CM,220,MetallicBlueViolet,Gas,turbo
7F671X07XM1PGV12I,194,Grey,Gas,turbo
7FZRQIHOJ3XF9AUQ6,146,Azure,Gas,std
7H1MZPSHJ6U94SZZU,180,Yellow,Gas,std
7J3XU20W4WYU77SD7,110,Red,Gas,std
7JJWQM43RJRICZ7BQ,72,Silver,Gas,std
7JVRNOCBKNDZFT3H6,2,DarkGreen,Gas,std
7L4B9I15Z9MFGTSTT,113,Yellow,Gas,std
7ME0221ZAXIGG2BCJ,215,SlateGrey,Gas,std
7MU6JJR9N8EKHVKMV,197,DarkBlue,Gas,turbo
7NGTAJQ3E5LJJXKHC,110,SlateGrey,Gas,std
7NNFSYIU12C79B34H,126,Orange,Diesel,std
7NR0A40LLPWQBIVEQ,47,MetallicBlueViolet,Gas,std
7OJD4R9Z53W0MN5K4,45,Yellow,Gas,std
7OYWICV9DB7CKCT30,16,Silver,Gas,turbo
7PHISS6571QOXUMUU,23,MetallicBlueViolet,Gas,std
7RAHAO9T3W02YNGOX,28,Yellow,Gas,std
7RJT1IM5441CS5P55,66,Azure,Gas,std
7V80ELLZIUQODHRTK,47,DarkGreen,Gas,std
7VG4I7YJEE8P09PRV,60,Azure,Gas,std
7VR8GOM78TNXGPPVT,56,Crimson,Gas,std
7Y33JHKTKJAXEQZ69,118,Azure,Gas,std
7YGDIV992ESAP2H3C,206,Orange,Gas,turbo
80CVKN1KQISZH40NB,9,DarkGrey,Gas,std
80K0NUUU1CUV2ZBK1,24,Green,Gas,std
81N6WAFS5FAL092GC,125,Blue,Gas,std
82O1BGQ4J80MYLTMH,23,Crimson,Gas,turbo
84AO7CIHK2FYHY28Q,202,MetallicBlueViolet,Gas,std
87NAPA5IHNG5E2FLU,189,Yellow,Gas,std
87USY6PCJ78B9KL0I,142,Orange,Gas,std
88KN6269SHW7SO6RX,191,DarkGreen,Gas,turbo
89K02IJKPPMHR6P29,127,White,Gas,std
89RVZS6H5ONFGGIY2,109,Green,Gas,std
8A9IV3OLVSUTSKGIV,186,DarkBlue,Diesel,std
8CJ9VFVULTIBSB6R9,83,Silver,Diesel,std
8EKI6ZXVYH4MXFDP3,90,Silver,Gas,std
8F67N4MUFVYKXT21M,130,DarkBlue,Diesel,std
8G629G3ODJ1223IGD,124,Black,Diesel,std
8GFT5LL3THSBG73SX,49,SlateGrey,Gas,std
8GQP6489S1L1WBZC2,159,Green,Gas,turbo
8JE4ZZRGE7A19KLES,109,Black,Gas,turbo
8KRJYE1D2LYS2LZ62,212,DarkBlue,Gas,std
8L6V0W44CYJ2N6675,11,Yellow,Gas,std
8NNXXKPL2MOO0WWOT,97,Red,Gas,std
8PNKP5X60QCX1RZCQ,194,Black,Gas,turbo
8Q6LGH4OV7QD0M71P,110,DarkRed,Gas,turbo
8QCP3UPCXF58Z5MFD,64,Grey,Gas,turbo
8QZT8BMSONWOHU64W,80,Crimson,Gas,std
8R5PZIUF2W5BSHUW2,206,Crimson,Gas,std
8RHCYCA9UBHU3FHSQ,53,SlateGrey,Gas,turbo
8TSLKE8YXL5E9TYEI,139,Red,Gas,std
8TYOKHIBOCWVA8JV5,195,DarkBlue,Gas,std
8V2FOIP9L5WBBUOSF,210,DarkRed,Diesel,std
8VLL0JTZZJNTRD9J3,228,Green,Gas,std
8WT2Z7L1OFSRATD3S,120,White,Gas,std
8XTNCIEQDLN2Q7BGK,158,Blue,Gas,turbo
8YMOP1TWCIJHLSO4I,111,Orange,Gas,std
90CZR3HKNWO8LYBVS,227,DarkRed,Gas,std
90Y89GBSZII8YXUY6,41,White,Gas,std
917NN9WC1C22LPLGB,105,DarkGrey,Gas,std
92ATTZFKFTB1UD4LG,202,Blue,Gas,std
93857VQ53P2BPAI55,179,Azure,Gas,std
95MWOAI2PAX5CS8WD,143,Green,Gas,std
96VG29MVTCHMRXTEG,11,Crimson,Gas,std
97EU3QJTF3M2XNFJM,101,MetallicBlueViolet,Gas,turbo
98B95UO67WFOK8F48,157,Red,Gas,std
98LESQ69LOLOUC7TN,67,DarkBlue,Electric,std
9B7KZITHVEK22LWFB,115,SlateGrey,Gas,std
9C2RHVRVLMEJDBXLP,24,Green,Gas,std
9DC3XI86623BSWVN0,125,Black,Gas,std
9EDN7R7D50YQZWN8Y,211,Green,Gas,std
9G82JPEOCEYYP40JT,108,White,Gas,std
9JQ1ITZKRYJWJPYNU,99,Azure,Gas,std
9L2WOKP3K45W1WN7X,130,Silver,Gas,std
9L8C15C6NR9I5FL1E,183,White,Gas,std
9NVV6QQNV0H9AI17O,32,MetallicBlueViolet,Gas,std
9NY68LBZRGF3QK9GD,158,Black,Gas,std
9O6PX304MJXUBQE6L,36,Black,Gas,turbo
9OUJ0ZTHGHASGL078,204,DarkRed,Gas,turbo
9PE0W00BCL5DDSF17,200,Black,Gas,std
9RKRBPI0DPZEWMPF5,138,DarkBlue,Diesel,std
9S6W8VY7BUNUS98GX,126,Crimson,Diesel,std
9SIVI9TF4VPA6DVEW,231,Blue,Gas,std
9V7PRC21RG1H6ARY1,150,Blue,Gas,std
9W6JQ8N6O5QK2DQE1,41,DarkRed,Gas,turbo
9WFTUY5RBS4IME1QF,8,SlateGrey,Gas,std
9Y91T9FHECA86ANJO,95,Orange,Gas,std
9ZMA2FR6LFGXAB4YJ,175,Yellow,Gas,std
A5L2PNGM9R7SQ2P5K,166,Blue,Gas,turbo
A69MG5G82IKHWE8JO,162,Red,Gas,turbo
A6F0W6YJMU6KPAEWT,42,SlateGrey,Gas,std
A6J8LHYY0KDGGQQAA,208,DarkBlue,Gas,std
A75GQE0AKRWCYIMQV,207,Crimson,Gas,std
A91YN14MAW4IWSIH2,208,DarkGreen,Gas,std
AAS75KHKTTGXX1D1M,153,Silver,Gas,turbo
AB9XRZIJSE6ERA1S7,187,MetallicBlueViolet,Gas,std
AFGGWVWU9Z3TT1002,158,Azure,Gas,std
AMBC6BM5EI9BJG5HR,207,DarkGreen,Gas,std
APO22YJHDGPOHDYDZ,146,Yellow,Gas,std
APPCZDN8XT2RD77PP,67,Crimson,Gas,std
APZK8MLD6NRH8AE1B,125,Grey,Gas,std
AQ4312HPF4LE4RC34,229,Yellow,Gas,std
AQTB6Y67HX3106CE2,216,DarkRed,Gas,std
AQZ7SJ596K9GXUIOY,224,White,Gas,turbo
AV9K50ANNDYXIU270,11,Red,Gas,turbo
AV9M6DEWSQUX2VB4L,35,Yellow,Gas,turbo
B59G1Z6XDWV7WKA7V,32,Red,Gas,std
B59XQZAWXZ0NDPO7V,158,Red,Gas,std
B6CQ2IMGB37U6PZ7I,214,DarkBlue,Gas,std
B76MOUW76D6W7JL82,193,DarkRed,Gas,std
B9NTZYHWYRNIIQ4SW,69,DarkBlue,Gas,turbo
B9PZWXB8HEJUISEUG,140,Crimson,Gas,std
B9TIR0Q7N9CHFMYT1,39,DarkGreen,Gas,std
BBAWQA6H4DGS3R6GQ,206,DarkRed,Gas,std
BCBH8NN5VYDYJKHLN,130,SlateGrey,Gas,std
BCYQLBG6Q8FQ17JHS,131,Green,Diesel,std
BGCYBR1K8A3SIH5BI,153,Silver,Gas,std
BHUJXHGM87M8OYQC3,201,Silver,Gas,std
BI17IAKKRCY0G97KV,9,DarkRed,Gas,turbo
BKIT5RRDY8EZUC8OJ,98,Black,Gas,turbo
BKJTNLSOFKX67RATP,188,DarkGrey,Gas,std
BLQN7CB06PSFBFH60,44,White,Gas,turbo
BMDH2753DOHI7A6JC,147,DarkGrey,Gas,std
BNYRLNFUOL8N4ZVRK,200,DarkBlue,Gas,turbo
BOP2XCCXIGHE7N6TQ,190,Orange,Gas,std
BPNVBNVOYNLAQFNXX,173,Orange,Gas,std
BT1VLX6KY36H8415H,56,Green,Diesel,std
BU90U8QBV69ZU7O2Q,1,MetallicBlueViolet,Gas,std
BWLRL6C3S7FLTGJHE,108,Yellow,Gas,std
BYB1QU30XBIVBOZFW,160,DarkGrey,Gas,std
C3HQP1N2WPQ89RD8D,131,Black,Gas,turbo
C461JCACRS28PP9FE,182,DarkGreen,Gas,turbo
C5JQCH80ZJZ2FM75Y,110,Black,Gas,std
C6L9JOR2RLTMIX1AA,83,Azure,Gas,std
C6YR9TT3ZTYR07RKP,38,Red,Gas,turbo
C7E8VYEFKHEFWOQUT,46,Black,Gas,std
C8IR133QT4UP6GHDN,178,White,Gas,std
C9K5G0FZRCYZ51ISQ,72,Green,Gas,std
C9WOSS0432QNWQA0V,70,MetallicBlueViolet,Gas,turbo
CACRAS08TJUV3LWH8,215,DarkGrey,Gas,std
CBJLTFEOWI1VKNFN2,202,Red,Gas,turbo
CCADR3J463Z5F161K,60,Orange,Gas,std
CHI3MMG1JE0PTAOBH,120,Green,Gas,std
CI3IA2MUNCLR5GJM0,76,Crimson,Gas,std
CK5UYNK4TNSS7YLHB,38,DarkRed,Gas,std
CKGQUYVKRD7CEKPL4,92,SlateGrey,Gas,std
CKL69LZPDRCYA2BTA,93,Blue,Diesel,std
CM6WVRC0NHBFWEITJ,19,Crimson,Gas,std
CMH6AVGO365HV1KZQ,230,DarkBlue,Gas,turbo
CMVR75IWJ5GLC8L5Y,125,Orange,Gas,std
CN95IASZ7AUJY9EHU,113,DarkGrey,Gas,std
CNMM2Y5DRX1VJ4FCZ,228,Red,Gas,std
COKNDHGMJK96FU9FX,91,DarkGreen,Gas,std
COOYNIPSTXTV1H3HR,207,Yellow,Gas,std
COZJSZRXYJ2WVZ2BC,111,Orange,Gas,std
CQWRHUIZ3BVT33FI7,166,White,Diesel,turbo
CS0JNCA9M7V47J46A,171,DarkGreen,Gas,std
CVR0G7GWQBIXCTT0Y,25,Crimson,Gas,std
CXKBJ496OZZ6MCG3Q,31,Red,Gas,std
CYJVQUCYORU3W91EY,159,MetallicBlueViolet,Gas,turbo
CZIIASR0YJWGQESSY,170,Azure,Gas,turbo
CZN2148RDBFULZZ9D,127,DarkBlue,Gas,std
CZNZ1Z17CE6GE2EJ0,107,SlateGrey,Electric,std
D3DICI7X4CN7389ND,41,DarkBlue,Electric,std
D5U6AM7SGPEBLL3YP,129,DarkGreen,Gas,std
D6OVNQFM7S42BUPSO,110,White,Gas,std
D7L6U0URUJEHL53MF,103,Black,Diesel,std
D9NR4FLZD8HYSZHEP,48,Azure,Gas,std
DB2JXBWBLCL09FJFU,13,SlateGrey,Gas,std
DBM9C43ALR2DRYF8S,90,SlateGrey,Gas,turbo
DEABAFDHU1PTAX1V5,51,SlateGrey,Gas,std
DEDYBIW3PQAP0YE3K,210,Yellow,Gas,std
DEGSYKKW3A647RELE,107,DarkGrey,Gas,std
DFMBPCG5Y5GSB65DH,105,Green,Gas,std
DGLE0YSX9BTE8ZY4F,43,MetallicBlueViolet,Diesel,turbo
DHPVT5LN2MSGSMEMP,65,MetallicBlueViolet,Gas,std
DI3HTJK0325IIFWWM,129,Azure,Gas,std
DJ693FHJU3N4HGPU2,26,DarkRed,Gas,std
DKBRVOV3S4RCZEE3Z,200,Green,Gas,turbo
DKEHYX2WNUCTUP8KI,156,DarkGrey,Gas,std
DQTNAHNSO9FE6AHGW,163,SlateGrey,Diesel,std
DRO9OF9GDWEPDU90B,25,DarkGreen,Gas,std
DW4MISZ52U5R2C921,62,DarkGreen,Gas,turbo
DWFZ7XSBM4FBBFFOW,31,DarkBlue,Gas,std
DWHPNUPRWOL040GB4,163,Silver,Gas,std
DZ42BCLDOEMFZ6MIG,134,Blue,Gas,std
E117UTLWAYYW7YIAG,79,DarkGreen,Gas,std
E2TACTUQT7GB9EGDA,95,Black,Gas,turbo
E3W97Z31LEGYBROE6,1,Yellow,Gas,turbo
E4Q7RPYIZ93FQ01W1,10,Crimson,Gas,turbo
E55ZK1LVHO5LY26NK,37,SlateGrey,Gas,std
E5O5SNEUDU7NA1B9L,37,DarkGreen,Gas,std
E6DROFA0ADC7NIC3R,94,Silver,Gas,std
E6I1WU4V68P2YI9EZ,224,Azure,Gas,turbo
E73WPS71QUWYR1K45,167,DarkRed,Gas,turbo
EC3BZNYWSRAL9I1W5,119,DarkGreen,Gas,std
ECLBZUDYPDI4VMC26,202,DarkGreen,Gas,turbo
ECP3FBSKA1XHW2WA9,86,Green,Diesel,std
EFNY6QDB5ZNCJHATK,135,SlateGrey,Gas,std
EG03ODN01263DWJ0B,61,Blue,Gas,std
EIUC8F04QP7ZRMPC4,48,SlateGrey,Gas,std
EMXSVQ3Y4TPYYII48,140,Green,Gas,std
EN10AC6O7UJ3TL3E0,203,DarkGrey,Diesel,std
EN8IUYMYP6W0GTHDX,95,Black,Gas,turbo
ENUET17QT3UMC8XZH,156,Silver,Gas,std
EOX18OP7DSYDUEBIW,11,Azure,Gas,std
EPJYYE359H2R4ZOQ5,196,Crimson,Diesel,std
EQ4OEBLVRVOWHQZZX,7,Orange,Gas,std
EQQ1NZWQZALHWSQFN,36,SlateGrey,Gas,turbo
EQX6P494E4I8HNPD5,230,DarkGreen,Gas,std
ERECEJKRANTGCK6RF,224,Azure,Gas,std
ESR85BB0HP4B7MVXB,8,Blue,Gas,turbo
EU43HLVVCTNQ2CRAY,95,DarkBlue,Gas,std
EUEXJTX17A374K9XM,54,Orange,Gas,std
EV2ACSWSTKFJW079L,4,DarkGrey,Gas,std
EVMUI4F2YI2KZRXB2,26,White,Gas,std
EWXFMBWGCU2Q31C95,65,Grey,Gas,std
F023D5UORZMCUJSZU,190,Red,Gas,std
F2HL5AJ4XECT7EPN5,171,DarkGreen,Diesel,std
F3KIGZ2TH6NJ5MAGV,80,DarkRed,Gas,turbo
F8MB6Z8E20PB290YW,196,DarkGrey,Gas,std
F9SERNO4LE8QQHBAL,70,Black,Gas,std
FAI680RIPX4K44AZT,57,DarkRed,Gas,std
FAJJFBREYNPAVBUO8,185,Black,Gas,std
FCCC0JZUGXD4WUZFR,211,DarkBlue,Gas,std
FCM7KGGHWBVR1YWGU,109,DarkBlue,Gas,std
FD1TVF0TV09OJQZC5,9,Black,Gas,std
FDE0JJMLJNYB0UJM3,3,Crimson,Gas,std
FF3WNNWC31JGM1HZF,116,DarkGrey,Diesel,turbo
FJ80LSTGDWVA9R23E,126,SlateGrey,Gas,std
FJJSIW0EIIGUERE2M,90,DarkRed,Gas,std
FKK18KHFUOIL4VVVR,194,MetallicBlueViolet,Gas,std
FLB3D1BYJ9OTRT6QS,163,Grey,Gas,std
FLTKGVXGGJBWSRPG5,83,DarkRed,Gas,std
FLY37HU3MGAAQ0JTD,152,Grey,Gas,std
FM7TA6Q201H1QXYK2,48,MetallicBlueViolet,Gas,std
FMGR3RW4GOYJ9890L,108,Black,Diesel,std
FNJ3OLEAJETORSVKG,10,Green,Diesel,std
FOW5XT4RSWMAVKL2I,22,Yellow,Diesel,std
FQ2KG2XLDJZZUR760,22,SlateGrey,Gas,std
FQVCSIWNDZSZKIBMR,214,SlateGrey,Gas,turbo
FVRZ9JRLMPAX0E7G7,13,DarkRed,Gas,std
FVX12C6OGRUE5ZY8I,214,MetallicBlueViolet,Gas,std
FVZ59T3SPKSPO8I3G,172,Silver,Gas,std
FWM5JX30N8L27H1FP,229,Orange,Gas,turbo
FXLYUY49AFCB66CGT,122,Silver,Gas,std
FZGMYPCQWF5NEGQU6,45,DarkGreen,Gas,std
FZQH7R8TM75EX0PBN,8,Black,Gas,turbo
G2X9W0T6L2JS6WFP9,141,Silver,Gas,std
G3E3FCIAOHK19BJN5,50,Red,Gas,std
G3HMOVFLNNNN6K4Q1,97,Crimson,Gas,turbo
G3LHRR8F840FEYXQ4,214,Azure,Gas,std
G64LTHUE8VN31IFZ0,162,Green,Gas,std
G98LFBOWPV8J4HQNH,178,White,Gas,std
GDQVJW6S5CSXD9Z5A,137,DarkGrey,Gas,std
GEPLA8Z81Y788GDV5,66,Black,Gas,std
GGZQ5LCO3N8RJJK8S,40,Blue,Gas,std
GHU013LL3M2MW5P4E,232,White,Gas,std
GIMP343NPI0HICJ9X,134,Blue,Gas,std
GJDYS64A0WHX8VJKZ,177,Red,Gas,turbo
GLNH74V0WADP6LDVN,28,White,Gas,turbo
GMPICFRDQXPIQP1FO,164,DarkGreen,Gas,std
GNXI0JKP0ELMMRRDE,120,Black,Gas,std
GP8RXMKT4FL4JYWAI,54,DarkGreen,Gas,std
GQ677TDOX41UT4DP7,78,Crimson,Gas,std
GQX3Y60YD0FFSQXOX,185,DarkGrey,Gas,std
GR75XOTA85XMLMLUP,201,Red,Gas,turbo
GRRQSUNYCMBO1JCIM,76,MetallicBlueViolet,Gas,std
GU75IW10QH5Y5N03S,137,White,Gas,std
GW0E9NL6B05JJQP45,135,Yellow,Gas,std
GWDEMZ6RQJICG899Q,138,Green,Gas,std
GWII8E3CTPIVEFP8C,105,White,Gas,std
GXHC47BPFFC2IVR4P,86,Black,Gas,turbo
GXT4XC1VIX12U1HTX,189,DarkGreen,Gas,std
GYHLH8H7FM5MU90X5,191,Blue,Gas,std
GYT0MJJJJJWMIPCGY,199,Grey,Gas,std
H2HA7WABPAU1LNAH0,140,DarkBlue,Gas,turbo
H43Q25JRC4K5TQFO4,59,Crimson,Gas,std
H752TQ6XP8GAD0RIP,92,Azure,Diesel,std
H7W70OJO6GKA2G5PN,168,Orange,Gas,std
H80BUDU8B98L4N49Y,175,Black,Gas,std
H89VPI708KGT4QQJR,176,Blue,Gas,std
HCD94I8KLK1VQX0N9,81,Red,Gas,std
HCDILBFSXAHT1Z86F,59,DarkGrey,Gas,std
HCNSE5R876H3Q4Q90,143,Crimson,Gas,std
HEVZWLG3H8K70XAE8,166,Grey,Gas,std
HFHGW4VCB0VIR1XS1,224,DarkBlue,Gas,std
HGZJ742AUYAYLPDWP,168,DarkGreen,Gas,std
HHCZ4NDHXQF0C8X3A,90,Yellow,Gas,std
HI4CH4LZO488JZ75J,94,White,Gas,std
HKZVEBRMVP2HV7NAT,138,Black,Gas,std
HLQT7523ICV92XEX1,44,MetallicBlueViolet,Gas,std
HMPEMDYZD5LLBDQS4,104,Silver,Gas,std
HOA1OHM0MQ4ZJFW9Y,192,MetallicBlueViolet,Gas,turbo
HOVSW338LVHWN2KVR,175,Crimson,Gas,std
HP7DMI3EJSR4B9IWJ,10,Red,Gas,turbo
HPNA3TJFDJ0U7G5NU,150,Orange,Gas,std
HR59FZYLQCSXZZ7S0,74,Silver,Gas,std
HUEHJCA8LUKKVU286,138,Black,Gas,std
HUJGEJIEVBZKW7W3L,158,Crimson,Diesel,std
HVAMM56DLWII3SKBD,103,Crimson,Gas,std
HXS65TSW8MD5K6IF3,131,Green,Gas,std
HY42XYNT0QB64YZLO,33,DarkGreen,Diesel,std
HYGMAKE2SRWMN5627,148,DarkBlue,Gas,turbo
HYP1FSUQ6NQUMLBE5,60,Blue,Gas,std
HZ4Q133BDMYVA8WAG,212,Blue,Gas,std
HZGPND740G0BNWYZG,190,Grey,Gas,std
HZMBEGNWGYAVBLX41,46,Grey,Gas,std
HZTDMFDAZPE2PGBNN,120,DarkGrey,Gas,std
HZUJFFMCS9YMUA10L,181,SlateGrey,Gas,std
I62N3GSUQPR4PWPSO,217,Azure,Gas,std
I71DVIJHW12327918,114,Blue,Gas,std
I73Z9ETL9175COQAS,57,DarkGreen,Gas,std
ICYGL41QG29AP4AEN,81,SlateGrey,Gas,std
IF3IT15AXXJNHC7DX,187,Orange,Gas,std
IIJRVR358Z6KYREZT,63,DarkGreen,Gas,std
IIOZFKZPSM9D0XTQ2,184,Yellow,Gas,std
IJS4NQHF1H5RDJVWA,82,DarkBlue,Gas,std
IKNVB3TIXN438BQ89,67,Yellow,Gas,std
INUX9NV7E99VIABYE,106,Crimson,Gas,turbo
IOCDACXPQWFNKYQLP,80,DarkBlue,Gas,std
IPBMU6KAOCG3Z7R1K,96,Silver,Gas,std
IPUVOGCFK63T671XN,104,Grey,Gas,turbo
IVF5JRND5VA2N3YF8,34,Grey,Gas,std
IWDZ7T3GXIQ4RLZ5G,204,Orange,Gas,std
IXUSJRV98EIRDBRTR,202,Blue,Gas,std
J0M6XHZSXLJWA1AO7,17,DarkGreen,Gas,std
J3W7FE121IUIV4SHG,157,Grey,Gas,std
J5G7QC2YSFEF4S6SR,173,Green,Gas,std
J5UHP0FS7Z6SD4VGJ,92,Green,Gas,turbo
JFNYXY0JFMYANWOXA,77,Yellow,Gas,std
JGDDD3WZD3ET9NSZW,17,Green,Gas,std
JIIFFC7RFAMJ4FNEL,232,DarkBlue,Gas,std
JIT6CA42L2SHG6NCZ,121,DarkGrey,Gas,std
JJW3OFY2BK8439VBD,97,Orange,Gas,std
JK65088NH9Y0VHP1B,78,Orange,Gas,std
JLCVKVD9F3032F6JR,162,Orange,Gas,std
JLSTK4XPN7OT8OBL3,178,Orange,Gas,std
JLVQ0YOU8U9LIAU05,139,Green,Gas,std
JLYK4P02QZ42QK5B0,196,DarkGrey,Gas,std
JNP5QPIVUH4LQEWXV,77,DarkGreen,Gas,turbo
JOMG2C9BQAKOXVG24,5,Blue,Gas,turbo
JPDBX1NWE0A6WXK0W,193,Grey,Gas,std
JSG8T1XHVAFT66TBM,185,Silver,Gas,std
JV2YDEA1BOO58GNR7,49,Black,Gas,std
JV5XJWEJUKXPVQW3Z,216,Grey,Gas,std
JVHJQQ3CAYW85TKM6,170,Crimson,Gas,std
JX41LIDZE71NUSCTG,81,White,Gas,std
JZ3QEUH0Z21WWATC1,152,MetallicBlueViolet,Gas,std
JZLTQ6VXVL68UJXMX,121,SlateGrey,Gas,turbo
K3HRWTZJT22XAPRBY,45,Yellow,Gas,std
K3ZQGLFTDBM0BDDXB,118,DarkGrey,Gas,turbo
K44SHX0SUHZR3LFL2,182,White,Gas,std
K6V3QP8LYHLBBQLBG,44,Black,Gas,turbo
KAF4QFNIQMB3FA8WM,114,SlateGrey,Gas,std
KBR7XFCPZPUMQLSMC,92,MetallicBlueViolet,Gas,std
KCF1B6NPOS4RDK0HR,183,Black,Gas,std
KE4EG963LBEM0WD7J,87,DarkGreen,Gas,std
KEK29UKR2T7U1G6Q4,90,Silver,Gas,std
KERB05DCY5LUP625J,37,Blue,Gas,turbo
KFKLEB8OY223XIREA,129,Grey,Gas,turbo
KFOL1QPEFEAAUCB7Y,163,Orange,Gas,std
KFQEREZJR7XTV32ON,233,Blue,Gas,turbo
KI0YTEPAQ7QOWQF6H,43,DarkGrey,Gas,turbo
KIHTKGR3NPC29H6GU,15,DarkRed,Gas,std
KJFCW6PX8SF6EXIEO,206,Red,Gas,std
KJLW8ZRR3ANX19RCF,66,Blue,Gas,std
KL6L0A8IGL5OMNCLY,8,Black,Gas,std
KL7FZOVOWTVR5IEI8,151,White,Gas,std
KLM901IVL5E8QAQBJ,126,Red,Gas,std
KNFWJ1LZOYYNKGGGY,138,Yellow,Gas,std
KOTB5BQ7B7I36HNLK,64,Yellow,Gas,std
KPV1XRCL3WPTCF56C,94,Orange,Gas,std
KRUCIGUXHA9BZGOYE,170,SlateGrey,Gas,turbo
KTTD6O22EY8MVZW5S,94,Silver,Gas,turbo
KVHVES0OO6RXH12XR,155,DarkGrey,Gas,std
KW4NHJX6GYA0A1FDU,23,Azure,Gas,std
KX14G3KGKEX1QF405,147,Crimson,Gas,std
KYSZBSIV98CKP8O7X,62,Blue,Gas,std
L0TD6DUOARBP6N1M6,108,SlateGrey,Diesel,std
L180VHKXJQFSZ6RTO,51,White,Gas,turbo
L2BI4G4BU8LU77H4B,109,Silver,Gas,std
L2F7UX5520AGR0A3A,173,Red,Gas,std
L2IK6CE4KVESWBQLA,35,Silver,Gas,std
L52WZB5PKQQA0C676,124,SlateGrey,Gas,std
L6L8IVCZCYTE4QAJC,78,Orange,Gas,turbo
L8J90OR1PPJIFC8YS,167,Crimson,Diesel,std
L9OY7NGVSM33WBJVM,139,MetallicBlueViolet,Gas,std
LAJ5EJ5F5DQE7HS5D,57,SlateGrey,Gas,std
LBDKTN2GLQZQFZ1A1,149,Azure,Gas,std
LGKG5R247S6VCMMNP,216,Azure,Gas,std
LH6ZUYYZV7P3QN6OM,32,Crimson,Electric,std
LHH21A6AYALA7XQVI,145,Red,Gas,std
LMNIQ2HAWIGA9G57Q,163,SlateGrey,Gas,std
LMYPQM5731EVRX7IQ,175,DarkRed,Gas,std
LN4T0PVEPREP069FS,128,DarkBlue,Gas,std
LN50AGJG9BELX3WKH,32,Grey,Gas,std
LNSPU03GF69H699LT,94,DarkRed,Gas,std
LP9A6PXHGPDYCT154,41,Grey,Gas,std
LPAZXQ77VX3FAX1SG,228,DarkGreen,Gas,std
LRIMSPKCYLCDNFB38,160,DarkRed,Gas,std
LRJWGGVPDJZT6W58N,151,DarkBlue,Gas,std
LRPZ0IDOGK9A3IXWN,106,Orange,Gas,std
LVPR4FFIYE25ZG2TB,220,DarkRed,Gas,std
LXPRD7ID98LE7B1WP,192,Black,Gas,std
M0RKB86MT2IZ58ZC8,94,DarkGreen,Diesel,std
M3ALE6DFWL6TRNOCC,197,White,Diesel,std
M6BF95I45RMMFC4J3,180,Orange,Gas,std
M85UTNAYSTVHKMWFU,151,Grey,Gas,std
M9R5W6QTWBGB8J83L,37,Green,Gas,std
MCQ41XLMCAD42B6QR,45,Blue,Gas,std
MDO03JK04P6N2HV6U,139,Red,Gas,turbo
ME18XA0AQU3XOGAHD,64,Orange,Gas,std
MEFG81VXPHT0WM8DF,202,DarkGreen,Gas,std
MFOT7L6BNDGP2Y84F,13,Grey,Gas,std
MK7GA9A923OPBECLB,110,Blue,Gas,std
ML0FPNHO2KQCRJ005,163,DarkBlue,Gas,std
MLGHPWK9639TA0ARM,42,SlateGrey,Gas,std
MNCX469QMLCFQRN8O,8,MetallicBlueViolet,Gas,std
MP0S8AKU43RPKD90V,91,Crimson,Gas,std
MQLPAJ9DCEBA07TCY,99,White,Gas,std
MRRL7VUHBO1I0OXIP,146,Silver,Gas,std
MUOP68J6K00B8A5MG,179,Silver,Gas,turbo
MV9IRF1YD2M42M0L1,194,DarkBlue,Diesel,std
MW8CA5TOBYQCM98IK,206,Orange,Gas,std
MZ0GZU3E70X2T3DHR,96,Black,Electric,std
MZ36HO0FDXBB1AMQV,111,Grey,Gas,std
N1XYLTB3SS17K9GV3,209,MetallicBlueViolet,Gas,std
N2LRQC82939XQR8PD,105,Yellow,Gas,std
N2VTIKCZZSNSHDVF4,191,Red,Gas,turbo
N395CWIJ3L9SQNAKP,192,Blue,Gas,std
N3VH2X44PY0CBTYDB,227,Crimson,Gas,std
N4NNLN4M6M4WX8N3S,224,DarkBlue,Gas,std
N7JV75WZ0OCOQEDGZ,78,Yellow,Diesel,std
N8A454W2LQAAG8WNM,99,Black,Gas,std
N8KN62HKPRTF6R35Y,184,DarkRed,Gas,std
N8Y6W2HC34G8ED6V8,157,Yellow,Gas,std
NAEBPAESH9GIQ5HS8,125,Orange,Gas,std
NC1WG8KLRK3JD8M8M,201,Silver,Gas,std
NF3JYJ4DOS5SN28SN,117,Blue,Gas,std
NG96M3UGOXMCQ1WH2,195,Green,Gas,std
NH3WQOEUGGJ1H01BC,156,DarkRed,Gas,std
NI1WFQKIABQN1EA4I,132,Azure,Gas,std
NIK24H2CJVDEMSYQW,228,Grey,Gas,turbo
NJA037X5CXD2MD7UR,18,Orange,Diesel,std
NJRFWCQ33IK75ATJO,187,DarkBlue,Gas,std
NKJAUUANQNAVWU7US,14,DarkGreen,Gas,std
NLHX0TF2HQZKQ84OV,10,DarkGrey,Gas,std
NMBWNK2V5FTSVAYNC,150,Azure,Gas,std
NMM0GO9BJ3K5QXX57,234,Crimson,Gas,turbo
NNLRTNV7UVZF1YJ5U,234,SlateGrey,Gas,std
NOS41GUDQQ67Q87JI,164,White,Gas,std
NPC0QKICZUYFEWHKA,27,Green,Gas,std
NQXHWVC3T5K8HQ8VH,9,SlateGrey,Gas,std
NRGMCKB8AGZVYQOD8,149,Crimson,Electric,std
NS0NCNF06CW7PLQXN,36,Azure,Gas,std
NT1L6D5NG6THNG48F,78,SlateGrey,Gas,std
NTO5XBQL3J0LCLO3U,60,Yellow,Gas,std
NYOZT93T7AJDL9HHI,217,Green,Gas,std
O06VDJVYL92YUWDZY,27,Red,Gas,std
O0TYSECV7PECE8TYE,33,DarkGreen,Gas,std
O1BQWP7DQ9BHDJPZZ,124,Blue,Gas,std
O27JRWZATLAFKMM46,45,DarkGreen,Gas,std
O2N7MLHG7WZPUNLNH,11,DarkGrey,Electric,std
O2VL6UGBKPJMFJ1Y8,168,Black,Gas,std
O5DS2JLC34JAUFTD6,23,DarkGreen,Gas,std
O824SIY8OF1SOVM1X,226,Grey,Diesel,std
O99B5UZF3GHV0Z0AZ,107,Grey,Gas,turbo
O9CANIIHM3UQE3A1J,174,MetallicBlueViolet,Gas,turbo
OEEU3LFOJYUECCAY2,5,Red,Diesel,std
OEXBBRGZKMCC6EJIW,120,Red,Gas,std
OHPLMZL3G31B5HL7F,197,DarkRed,Gas,std
OI8WD4DRDZEWW4COT,193,DarkBlue,Gas,std
OIJ4E5R6SD3CJOQBK,172,MetallicBlueViolet,Gas,turbo
OL7EA73UPC5MJ8W1B,34,DarkGreen,Gas,std
ON9GJ7XU5E005RBC2,231,Orange,Gas,std
OO4APLF1925P1ZP48,215,Azure,Diesel,std
OOHKZRXK4ARZG21NK,32,Crimson,Diesel,std
OOZY13JV9WUUH6U1P,200,Orange,Gas,std
OQ4B4W437NL7OLE6Z,124,DarkRed,Gas,std
ORSUL9LZY92OIIR6L,187,Crimson,Gas,turbo
OTTLFELA69FMPFE9Q,127,Grey,Gas,std
OUSVIR6X7R66KESWU,5,Yellow,Gas,std
OVHDU8Z6SWALGUNL7,106,Crimson,Gas,std
OW88VTE8YMYDMZDIC,140,DarkGrey,Gas,std
OWM2AG0E2LL25WINX,111,MetallicBlueViolet,Gas,std
OX6BVS2G0WJ9SS8BF,60,Azure,Gas,std
OZ7QFUM3N3JJ0YEA8,210,DarkRed,Diesel,std
P3SMUOSTAFB4DTCS7,99,DarkBlue,Gas,std
P9YT8D1O2C1IZ0BRO,103,Orange,Gas,turbo
PAF89NUFMEUN2E33W,28,Azure,Gas,turbo
PAK8JH4MIGMYH8L0H,27,DarkGrey,Gas,std
PB2GAMT1UBQC0N2BW,69,Crimson,Gas,std
PBNZG6IQCB8KONIBD,32,Crimson,Gas,std
PC1I37SCBEQ44FZED,65,DarkBlue,Gas,std
PCNP747N25N2BWA2V,46,Red,Diesel,std
PDIMYBN8L5ILSEO11,151,Red,Gas,std
PE32NLSUZ457HWCOX,126,Green,Gas,std
PGDYYMSF05MPV2I4P,68,DarkGrey,Gas,std
PIRVW6NTUBT1LLPUR,138,Black,Gas,std
PJGHOL0I1WHGTJP6U,53,SlateGrey,Gas,std
PLGJ7C18R9JJT3FEL,171,DarkGrey,Diesel,std
PLJ6GAR4VGCX6DWKO,183,DarkGrey,Gas,std
PM3OTWDAV8LTJXSX2,59,DarkGreen,Gas,std
PM4IFV0XUDG3ONI0U,181,DarkBlue,Gas,std
PN7J7WIR695T90QDK,136,Silver,Gas,std
PNP9WGAMMMPFZ8TAY,10,Orange,Gas,std
PPGP7SWT2XRPMSMHU,36,Yellow,Gas,std
PUB3U17PS911EB369,169,Orange,Gas,turbo
PVMZJUX92FKEWOWPK,97,Orange,Gas,turbo
PZ8XE1L8L2S8OAJJX,109,Orange,Gas,std
Q018K8DFH4QTX5P2B,186,Red,Gas,std
Q3UV9KDOZJEZ8UUMJ,217,Yellow,Gas,turbo
Q4PSI13NHXNGMK6Y4,212,DarkGreen,Gas,turbo
Q5ZZLWVIVXL0D22KW,126,Crimson,Gas,std
Q6ZVB6Y2UHPHJQHLC,15,MetallicBlueViolet,Gas,std
Q7HBIZ6T7172QJP0U,177,SlateGrey,Gas,std
Q7KYV4AQAE8FOS447,202,SlateGrey,Gas,std
Q7WL3I3YD9BMHQ4AB,107,Yellow,Gas,std
Q8M77PMTJUT0JEFY0,134,Azure,Gas,std
Q8R5B37Y4VG9JIBAG,59,Blue,Gas,std
Q8S9TWZOZBSG1NRBT,138,Silver,Gas,std
QCHQXZQ7PFA920EIR,62,Crimson,Gas,std
QJ30CU7JAYM60OIG4,29,Black,Gas,std
QKGNSLFNKYGWJ4QR8,1,MetallicBlueViolet,Gas,std
QKZ2GA81V27UM0E5M,42,Azure,Gas,std
QLQ00AVQ47Z1U1CGH,47,Red,Gas,turbo
QOEPEGJO891K9WS1R,17,MetallicBlueViolet,Gas,std
QPDTG35AB6HRKHYP1,87,Crimson,Gas,std
QQAJV5TXXMDGJ1F9H,157,DarkRed,Gas,turbo
QQRPKS1WDUPNXGMVC,199,Green,Gas,std
QTIB92YVNGGZ5NCSB,104,DarkBlue,Gas,turbo
QTPQMOLNXTY90WV9E,20,Grey,Gas,std
QU3ALCZ58145U8E35,152,DarkGrey,Gas,std
QUP8HE0KP22ADG231,115,DarkGreen,Gas,std
QUV4ZGM5KYCV63WPZ,155,Grey,Gas,std
QVM9SBH87ZCC0UZEK,174,MetallicBlueViolet,Gas,turbo
QX9FTI1I2ZHBX345T,222,SlateGrey,Gas,std
QYNOC1NEFQ79SPCMC,97,White,Gas,turbo
R06CCWFQLWY5PKBGW,43,DarkBlue,Gas,std
R6L3VILU35RHJDAZV,131,DarkGrey,Gas,std
R7X54SVZI6YTBJDBT,137,Red,Gas,std
R8J50Y0O87LY93J41,80,White,Gas,std
RAAGDMC0P92J83BF9,91,SlateGrey,Gas,std
RAFBQG2LUVXKHYVN2,200,SlateGrey,Gas,turbo
RBA10XRPW5VIMDPLT,51,MetallicBlueViolet,Gas,std
RC62AAEHWXOTGO8O4,193,Grey,Gas,std
RDMFQJ540J4LRL7QB,93,MetallicBlueViolet,Gas,turbo
RDR4WN8V9E87L9YG9,107,Yellow,Diesel,std
RDVDFYX73UM18D7S4,217,Azure,Gas,std
REYK60C637L8L90J7,13,White,Gas,std
RF7AYLKZ778DLR4ZW,200,SlateGrey,Gas,turbo
RFRH87CP9ZXY98I4Q,95,DarkRed,Gas,std
RHU8UM5VHY4M5O6CP,201,Azure,Gas,std
RHY4I7HZ15471I333,64,White,Gas,turbo
RIG3SCQVM2RT5IKYN,112,Crimson,Gas,std
RJF9SJR4TR5AB7JKL,28,Azure,Gas,turbo
RK8J6AK2949OV8B4Y,115,Azure,Gas,std
RKC1ST6MPF3R7CO06,110,Blue,Gas,std
RM4GOJ3TL8680440T,42,Silver,Gas,std
RMI91E4A1HW6K67F4,203,DarkBlue,Gas,std
RMMFWD5RYX9QPR2O1,97,DarkBlue,Gas,std
RNIPC52T0GUCWC531,88,DarkRed,Gas,std
ROGSIK4HFC6I1X8NA,11,SlateGrey,Diesel,std
ROT7IM8CNGOSHF7CS,208,DarkBlue,Gas,std
RTIQUH4PGG1K3QF66,180,Orange,Gas,std
RUGYZFKCO7ITT3BTC,105,Silver,Gas,std
RWPMCU0MRU979T405,212,Yellow,Gas,std
RWXI8PPEDQDT6XQLA,202,Green,Gas,std
RXAK2UNRWFUILKF11,30,DarkRed,Gas,std
RYLMK2QG390E4DJP2,51,Azure,Gas,std
RZFQM7V90QR7IISH6,26,Orange,Gas,std
S1O7Z8ZZ7HMWZLW15,11,SlateGrey,Gas,std
S2X3N4BACU2TN96FJ,103,Orange,Gas,std
S75JPRSEN2J7KTQ6K,133,Orange,Gas,std
S86U49KYJTI67K72J,184,Crimson,Gas,std
S8EBJVBDBHYFZGN9Z,98,Yellow,Gas,turbo
S8GJR1GKQ65RBU79R,143,Black,Diesel,std
S8K5IF7TLT6PBRTGV,190,Red,Diesel,turbo
S8U2TKENON0SFB4NE,84,Black,Gas,turbo
SAA413KW66URU1E8C,59,DarkRed,Gas,std
SAHR9AGQT8B2RK3BZ,16,DarkGrey,Gas,turbo
SBF0EH6V8KP76QGL4,48,Grey,Gas,turbo
SBFQACF3AAIE6H7P6,124,DarkRed,Gas,std
SC1S5PUFJ9HTNDAF7,222,Crimson,Gas,std
SDKD47TWNO37IJ715,92,DarkGreen,Diesel,turbo
SEEBUKI753MZBSX8I,217,DarkGreen,Gas,std
SIB0INN7PWWOQ4PQR,142,SlateGrey,Gas,std
SN9B4T8ZJUOZS2KIP,207,Silver,Gas,std
SO7L67VHHFOOO13T2,31,Grey,Gas,turbo
SOLWY3IQW8YKF3V7O,79,Black,Gas,std
SOWOLHFCJQQZXAIDM,78,Red,Gas,std
SR6CSGV4SWV9MHPGL,94,Grey,Gas,std
SS8JWB7GQNQHJRI8L,219,DarkGrey,Gas,turbo
ST19ONL30H2PIKHO0,126,DarkGrey,Diesel,std
STJEBBSX788KIC7YW,81,DarkRed,Gas,turbo
STOUHXWYIHCYIL17H,108,White,Gas,std
STTM2XLIT8UFVSXJO,3,Grey,Diesel,std
SUC5SRL1QY5J606T8,48,Red,Gas,turbo
SV4QR0Q4GDSMPBTZ9,206,SlateGrey,Gas,std
SVTA6FJUPTXJS3S66,220,Yellow,Diesel,turbo
SWGF4JG31KV2Q6IW0,226,Black,Gas,std
SZMG65BPDUD32G1P1,77,DarkGreen,Gas,std
T3BUSHP1HDMCX0MS0,112,DarkBlue,Gas,std
T45F1QE4C2SUHDCVJ,104,White,Gas,std
T556TAHOFQ2MM01QD,8,White,Gas,turbo
T6CFMS58CETEJEK08,196,Silver,Gas,std
T6SX0ZLXXE2H8VPVW,149,DarkGreen,Gas,std
T7HAF2MDNBVLVUP8C,66,Blue,Gas,std
TACNXFWXN2COQ5UIR,102,Black,Gas,std
TETTEUGKO7M0UAEBW,25,DarkRed,Gas,std
TFPD7W5PGE4JJUPHN,62,Green,Gas,std
TGG529LZQ5DXPZVTY,187,DarkGrey,Gas,std
TGRXYMS85QSF6H5R3,147,DarkRed,Gas,turbo
THHWNUDBPNAWJGMBJ,194,MetallicBlueViolet,Gas,std
THYFDLF7DMS94QIQ7,178,DarkRed,Gas,std
TI5OBFCY22EZHWQKZ,101,Yellow,Gas,turbo
TJUPIEC0LBKARMSH3,90,MetallicBlueViolet,Gas,std
TM1JD19QYMFO1P574,184,DarkGreen,Gas,std
TN1SOYUUQDD32H61B,185,Silver,Gas,std
TND5GQP5D7VE2GP1T,29,Black,Gas,std
TNO41LN2VJL5J6A2P,161,Red,Gas,turbo
TPB12DJ11P523SHDN,181,White,Gas,std
TQV57RA4LYSMMAZ7S,121,Yellow,Gas,std
TRMKI7HQS5W2AXXZJ,221,Yellow,Gas,std
TSHPDAGNUR3EOECO8,207,Black,Gas,std
TU06ISRWQEIPUJ0PN,84,Yellow,Gas,turbo
TU66ENNSQ1MQFHVOW,195,Orange,Gas,std
TVLSKM3X0DZN5JISR,184,Red,Gas,std
TYBWRL0IN84BUJDB3,173,Azure,Gas,std
TYIC778S5Y5DJU78W,60,Azure,Gas,turbo
TZ90P8KJ5VYJR8Q9M,123,White,Gas,std
U2DT2ETCNKEH88IGU,96,Crimson,Gas,std
U2FX7NDGMSL43QUGM,71,DarkBlue,Gas,std
U30I1WB31T9XBKCMY,89,SlateGrey,Gas,std
U4NZVZC87U1KJK997,16,Black,Gas,std
U4P0RTX0KIORVCVU3,168,Yellow,Gas,std
U5ZY9FTO2FC1S2CEK,183,Orange,Gas,turbo
U7K99NZX8KRSSKNI5,33,DarkGreen,Gas,std
UATN9J5M1BWTPA0G8,97,DarkGreen,Gas,std
UB4ONXCV9Q1QA4GFK,41,Black,Gas,std
UBVEL7JX5KT3665Q9,5,MetallicBlueViolet,Gas,turbo
UC7RCC79AXVLQET82,133,DarkBlue,Gas,std
UDDDTH2IVSW70OFY7,82,Orange,Gas,turbo
UFN1393IZIBC30J7Z,119,Blue,Gas,std
UHEAZLPLDY5IF2ZOI,231,Blue,Gas,std
UHYXB8T6V0ZNGMUWG,93,MetallicBlueViolet,Gas,std
UI092Y9T072838B9Z,52,White,Gas,turbo
UJNTAWFCQGOOZPK1C,14,DarkRed,Gas,turbo
UJQSIU0DDHZI654YD,209,Azure,Gas,std
ULA46Z5XFF5T0JP3C,143,Grey,Gas,std
ULXNOL114416CPMYF,7,Red,Gas,std
UOJQJRZIS7MA9F022,92,Orange,Gas,turbo
UOV3NS3RGZTUEUSMB,80,DarkBlue,Gas,std
UOVZ3P5NIUN6POVLU,219,DarkGrey,Gas,std
URHJH6BGSJBK4IJ68,74,SlateGrey,Gas,turbo
UU3PU3D8QXBJYBO8J,183,Black,Gas,std
UZIJ4U52O7QZKU8LL,198,SlateGrey,Diesel,std
V1ACHG8I9QEJ64J5Y,103,SlateGrey,Gas,std
V2657HVKZXDZMBYYP,100,SlateGrey,Gas,turbo
V43XUDMVT6113HWYO,108,Blue,Gas,turbo
V5OQJ20ZJTI9D38SU,189,Blue,Gas,std
V7BDD8Y0K844W2G7M,156,SlateGrey,Electric,turbo
V8Q3A24AUBME1VX3N,90,DarkGreen,Gas,std
V95OANKI3QMKQ1FAV,227,Grey,Gas,turbo
V9Q4SVTLU9HGZBLFS,111,Grey,Electric,std
VA1UXW4YNVJGLXBRF,158,Crimson,Gas,std
VAGOLKM8K6HU98AWT,82,Azure,Gas,turbo
VCYVW0WUZNBTM594J,198,Black,Gas,std
VE98QV3EYDPB42RBQ,142,DarkRed,Gas,std
VFIZXSGDTRI7MDRUG,64,DarkGreen,Gas,turbo
VH221ODIJCR8NKHQH,90,Silver,Gas,turbo
VHBO10QEAXRJH05P3,153,Black,Gas,std
VHMM3365SQIMO8L9A,148,DarkRed,Gas,turbo
VHRA1Y2TGTA84F00H,66,DarkGreen,Gas,std
VIHVDOH9WVX0M1MMP,105,Red,Gas,std
VOKI8TBSQ7LI9LS6A,62,DarkGreen,Gas,std
VOQXB7TF4X9GCIAML,104,Azure,Diesel,std
VP4HD02J1WL5F44NJ,227,Azure,Gas,std
VPMRPURDJT5AEHIKB,30,MetallicBlueViolet,Gas,turbo
VPP5L9XRIZ99D9VPY,220,Grey,Gas,turbo
VRJXVUQUWLMYNIC8X,60,DarkRed,Gas,turbo
VULYX195SIURSBSO3,32,Crimson,Diesel,std
VVPFEQSP37K9SR4GS,51,DarkRed,Gas,std
VW7HTG0K2IAZFGTM5,51,Grey,Gas,std
VXCSH9WVTQ9W1EUP8,234,White,Electric,std
VXV7HZJE3ZNU2SBWG,101,White,Diesel,std
W0Q2E7RU4O5L1K1SQ,59,Silver,Gas,turbo
W45B2KBOO10B9A91D,209,DarkGreen,Diesel,std
W6TTL6JBZWF9XP12N,203,Grey,Gas,std
W8XLBATF96LUDDCE4,85,Azure,Gas,std
W9JC8UMP7ZXHL6IAB,69,SlateGrey,Gas,std
WDWWNH0RT03MEGVEG,152,SlateGrey,Gas,std
WG5KFV9YT90YB874M,11,Yellow,Gas,std
WG65PK5PEW7VDQZV3,52,Black,Gas,std
WIQOTZGQQ48KFH4O5,232,Green,Gas,std
WJFCE7NHA7UOX86ZH,68,DarkGrey,Gas,turbo
WKCCU1DMHOG3CIDDB,64,Grey,Gas,std
WM3S1CZ56QF09RRZ5,12,SlateGrey,Gas,std
WQFQF43WVB7VDMIVK,15,Blue,Gas,std
WQJ9N8ZPLTBC6KPKS,121,Grey,Gas,turbo
WT0RAER6NW0E5URS2,164,Azure,Gas,std
WTCUCTL8D0KB0UYXN,234,Black,Gas,std
WUI75L1JW0ZZJ96Q2,186,Red,Diesel,std
WUOHALSF3E8T7CYPQ,175,Crimson,Gas,std
WV6U4G02QIBH2SV60,189,Silver,Gas,std
WX401NYKM13Y49F2Z,68,Grey,Gas,std
WX9LPC1ZXRZCIT1Q4,213,Grey,Gas,std
WXD4OEWBP16TA2SWL,205,DarkRed,Gas,std
WY94KZYNXHXKG18P1,43,Yellow,Gas,std
WYAV0C44P4HDL6IUU,105,Orange,Gas,std
X0E13N3KBURQZ0GQ6,140,Silver,Gas,std
X2E2PHG48QHVCOH6C,192,Yellow,Gas,std
X3ZNAQAGH1RBZDVK7,186,Orange,Gas,std
X5PMD0O0PES0B906V,22,Black,Gas,std
X9D7K032TNOLJOHF9,11,Blue,Gas,turbo
XATXYKF5KJHL8XW16,106,Red,Gas,turbo
XB4QT95Z3D9O5O5PT,166,SlateGrey,Gas,std
XBILN3IYL63VBT58M,234,Green,Diesel,std
XBQKM5UL1KV5OU2RV,220,MetallicBlueViolet,Gas,std
XCR42T8W8LP5NX5N6,165,Green,Gas,turbo
XDYKOLBHVTNRXXX9S,160,DarkGrey,Gas,turbo
XEQQ01QLMRAFK4GC2,162,Green,Gas,std
XFVZKAWXKSCH1CYYD,140,Azure,Gas,std
XGI7BX1IZLQ2ET0BR,157,DarkGrey,Gas,std
XLL7M1X0KNCU1KGI6,187,Orange,Gas,std
XQ8F2BYMOB17ESJHQ,103,Blue,Gas,turbo
XTXWJ0Q0QCWSYZPCN,113,Red,Gas,turbo
XUE4MP2SHKKTSPQBB,74,Crimson,Gas,std
XW7I2BG0TT2NQHGKH,58,Azure,Gas,std
XXC6CG5NTN4XUWUAB,70,SlateGrey,Gas,std
XXW0169ZOVK5YJ41O,177,Red,Gas,std
XZ0VJMLS9UER7EUVF,191,Grey,Gas,std
XZ4T85KNCT59WOHEX,105,Red,Gas,std
XZXQPPCGWGPN8958F,6,MetallicBlueViolet,Gas,turbo
Y0LBRIWM754TDYNBW,75,Silver,Gas,std
Y0UTJW6K47XDTCMU1,227,Green,Gas,std
Y1PMAB9F4F1RVTNZU,142,SlateGrey,Diesel,turbo
Y7LBILNT9PRTTZCXH,58,SlateGrey,Gas,std
Y810CR3SLI9T0FHZM,206,Crimson,Diesel,std
YA5XQ47QAHAMBDBEJ,139,Orange,Gas,std
YCI6PLHCLVWJPGD8T,154,DarkRed,Electric,turbo
YDXMI0GRFQGM5X30V,13,Red,Diesel,std
YE884LFUQTXOHBS8Q,126,Blue,Gas,std
YG15YA9UCN7DJYZ0P,54,DarkBlue,Diesel,std
YG426USKC2PAE2YB7,156,Black,Diesel,std
YGSDTSSEOJX2D7DRX,215,Green,Gas,std
YJRJ9KW5AMHTBFD8B,7,Grey,Gas,std
YM2PZKCGAX5KGI7I4,90,Silver,Gas,std
YMBRCZ4IVQ50P1CY3,175,Red,Diesel,std
YNP5LKTPZPRI7BEVF,18,White,Gas,std
YQ0UECUONA2UBYYMO,39,SlateGrey,Gas,turbo
YQ48DUPIZQQU8MAXQ,92,SlateGrey,Gas,std
YR4XHNGN8754F4BN1,222,Grey,Gas,std
YS64Z5LSS7VZK3LJ3,108,DarkGreen,Gas,std
YSTK76U2MMH44OISI,35,Red,Gas,std
YTJ51G030H2TMZ1OT,202,Green,Gas,std
YTUS0JW05AOGVUNW1,66,Green,Gas,std
YV9DXB63BYQ7JG4HN,218,Orange,Gas,turbo
YVFO13CBNKZXJHE5S,110,DarkRed,Gas,std
YWE53U7FGHYRYOCZ9,171,DarkBlue,Gas,turbo
YXIN7YPOJVAHR93FB,130,Crimson,Gas,std
YY7471MSLMRH1MB80,44,Crimson,Gas,std
YY7XJEGALLNN4OQGN,112,Blue,Gas,turbo
Z0J9BHTZKFZVE6R68,108,SlateGrey,Gas,turbo
Z7EGQVF6BXHFH5QBL,53,Grey,Gas,turbo
ZBT0KRA0CP4BBXVFB,173,SlateGrey,Gas,turbo
ZBYBEECUDAGTTOGME,165,DarkBlue,Gas,std
ZD2Y2WEWQZPEIUZGN,190,MetallicBlueViolet,Gas,turbo
ZGFBFL5GF2RZT05SA,166,Black,Gas,std
ZGUTQ2JBSYC9D0LIP,224,SlateGrey,Gas,std
ZJEKTYM8PGDF8YBKT,151,Grey,Gas,turbo
ZJOCAJ6AF9ER5GPW8,149,Blue,Gas,std
ZJQ5JDN2RG1JHX4IF,5,MetallicBlueViolet,Gas,std
ZK6FFOG4BAJW7KKLN,183,DarkRed,Gas,std
ZLDLJXWFDZXCGAX76,161,DarkRed,Gas,std
ZM7N5UPSETOOD24ZV,84,DarkGreen,Gas,std
ZMGBCA9KQTS48JNBL,216,White,Gas,std
ZPGYKO3SW7RC58YUZ,154,Grey,Gas,std
ZQR7CQIIVVTJA6J91,45,SlateGrey,Gas,std
ZSVPABA2PMHXRO9QX,184,Yellow,Diesel,std
ZTJLWUG1BU6XRHE4C,143,Green,Gas,std
ZTUF79HOXGAZSV7D2,49,Grey,Gas,std
ZV6LW5PM03ILMLXQ8,224,SlateGrey,Gas,std
ZYQGAEHFZGGA53RCA,112,Red,Gas,std
ZZJUOWYKRXM8J0HOL,14,DarkRed,Gas,std
